Pod_Name,GPUMemAve,GPUMemMax,GPUUtilAve,GPUPowerAve
d86a9a6002353011ec08b01045e6de32e845-c07-0,0,0,0.010,42.250
e50f6cf002349011ec095370e5a7ed273c06-c016-0,0,0,0.000,43.170
b987bd4002393011ec08b01045e6de32e845-g022-0,11111,12558,76.710,105.770
df0b74d00238e011ec08b01045e6de32e845-weidq970-0,416,418,62.780,200.050
c3c5cf4002393011ec08bb20f3128d160513-weidq970-0,413,418,73.380,247.760
bafda2d002390011ec08b01045e6de32e845-c07-0,17649,20074,70.410,194.060
ef0171100238c011ec08bb20f3128d160513-g014-0,2907,32444,3.940,66.820
b987bd4002393011ec08b01045e6de32e845-g021-0,11136,12498,78.970,94.420
e717e7700236d011ec095370e5a7ed273c06-g018-0,0,13,0.030,50.370
c3c728a002389011ec08b01045e6de32e845-g09-0,1232,1390,0.000,66.680
b2f3598002392011ec08b01045e6de32e845-g07-0,438,1666,24.140,48.980
b09d936002376011ec08b01045e6de32e845-g011-0,11996,26830,43.990,78.020
b987bd4002393011ec08b01045e6de32e845-g07-0,11115,12498,79.120,96.920
cda22ac002396011ec08bb20f3128d160513-g00-0,1280,1370,0.020,66.800
f99c9ab00238d011ec08bb20f3128d160513-g01-0,1,25,0.020,43.760
e717e7700236d011ec095370e5a7ed273c06-g08-0,1,13,0.020,50.670
fec359100234a011ec095370e5a7ed273c06-c03-0,0,0,0.030,50.370
d6c7f2b002394011ec095370e5a7ed273c06-g01-0,794,1242,0.000,47.040
d6c7f2b002394011ec095370e5a7ed273c06-g06-0,813,1242,0.170,45.450
b2b0080002390011ec08b01045e6de32e845-c022-0,14816,20012,68.360,111.780
c1524b000237c011ec08b01045e6de32e845-g017-0,8870,26444,33.850,74.150
b2b0080002390011ec08b01045e6de32e845-c018-0,15717,20168,71.430,122.910
b2b0080002390011ec08b01045e6de32e845-c03-0,15752,21950,68.810,118.980
b2f3598002392011ec08b01045e6de32e845-g08-0,606,1976,20.690,49.490
e717e7700236d011ec095370e5a7ed273c06-g05-0,0,5,0.000,49.340
e4de720002396011ec08b01045e6de32e845-g011-0,317,1242,0.300,43.890
c3c728a002389011ec08b01045e6de32e845-g012-0,1223,1390,0.000,67.680
c3c728a002389011ec08b01045e6de32e845-g04-0,1233,1390,0.000,67.900
b74c66a002381011ec08bb20f3128d160513-g018-0,12512,23100,50.880,78.230
b987bd4002393011ec08b01045e6de32e845-g08-0,11112,12578,77.790,103.100
ec6874e00fc1b011eb0b78b029bb3a17e6fc-yuzhfpry490-0,27427,28070,0.000,47.610
c1524b000237c011ec08b01045e6de32e845-g013-0,8790,26444,28.660,77.710
b91859100234b011ec095370e5a7ed273c06-c012-0,0,0,0.000,50.520
d86a9a6002353011ec08b01045e6de32e845-c09-0,0,0,0.000,42.340
bb6ccdc00238f011ec08bb20f3128d160513-c02-0,17737,20186,78.400,194.660
b2f3598002392011ec08b01045e6de32e845-g016-0,606,1976,20.690,51.020
b987bd4002393011ec08b01045e6de32e845-g014-0,11148,12558,78.720,100.430
e4de720002396011ec08b01045e6de32e845-g015-0,331,1242,0.280,44.560
b74c66a002381011ec08bb20f3128d160513-g010-0,12573,23110,53.630,83.130
e1c6b16002374011ec08b01045e6de32e845-xuf1384-0,3211,24950,4.960,63.320
e69ab68002393011ec095370e5a7ed273c06-weidq970-0,413,418,71.040,242.620
fec359100234a011ec095370e5a7ed273c06-c013-0,25,307,0.190,50.250
b2b0080002390011ec08b01045e6de32e845-c023-0,15755,20168,66.960,119.150
ef0171100238c011ec08bb20f3128d160513-g017-0,2534,32444,6.250,69.160
e717e7700236d011ec095370e5a7ed273c06-g013-0,6,320,0.030,50.520
c1813cb00234e011ec095370e5a7ed273c06-zhangch2308-0,0,0,0.000,10.390
d86a9a6002353011ec08b01045e6de32e845-c016-0,0,0,0.000,42.530
c171c9a002392011ec08b01045e6de32e845-weidq970-0,415,418,70.040,216.690
c1524b000237c011ec08b01045e6de32e845-g03-0,8924,26830,29.270,77.730
b09d936002376011ec08b01045e6de32e845-g015-0,11916,26434,40.960,80.110
e4de720002396011ec08b01045e6de32e845-g023-0,347,1242,0.000,44.060
fec359100234a011ec095370e5a7ed273c06-c07-0,0,0,0.000,50.120
e717e7700236d011ec095370e5a7ed273c06-g03-0,0,0,0.000,49.710
b2f3598002392011ec08b01045e6de32e845-g024-0,385,1706,20.810,47.310
b4be25c00ca60011eb0b78b029bb3a17e6fc-client-0,13382,13382,0.000,62.380
bafda2d002390011ec08b01045e6de32e845-c020-0,17487,20074,72.200,181.960
b1821d8002390011ec08bb20f3128d160513-weidq970-0,389,418,60.790,212.200
fec359100234a011ec095370e5a7ed273c06-c04-0,0,0,0.000,48.900
bb6ccdc00238f011ec08bb20f3128d160513-c04-0,17729,20016,80.310,212.960
c3c728a002389011ec08b01045e6de32e845-g013-0,1232,1390,0.210,67.720
c1524b000237c011ec08b01045e6de32e845-g012-0,8881,26810,26.430,80.000
b2b0080002390011ec08b01045e6de32e845-c013-0,15027,21950,67.180,117.960
c3c728a002389011ec08b01045e6de32e845-g017-0,1228,1390,0.060,66.110
ef0171100238c011ec08bb20f3128d160513-g03-0,2766,32476,4.440,65.460
e0ff9d9002384011ec08b01045e6de32e845-weidq196-0,0,0,0.000,13.520
e4de720002396011ec08b01045e6de32e845-g02-0,348,1242,0.010,44.670
d86a9a6002353011ec08b01045e6de32e845-caoshm90-0,0,0,0.000,41.060
b09d936002376011ec08b01045e6de32e845-g00-0,12198,26820,43.660,84.420
c4da1e7002392011ec095370e5a7ed273c06-weidq970-0,363,414,65.600,192.160
b2b0080002390011ec08b01045e6de32e845-c06-0,14960,20012,68.590,116.720
bb6ccdc00238f011ec08bb20f3128d160513-c012-0,17162,20012,77.900,208.570
f850756002397011ec095370e5a7ed273c06-g06-0,916,1242,0.100,46.320
b987bd4002393011ec08b01045e6de32e845-g019-0,11114,12498,76.380,111.370
e50f6cf002349011ec095370e5a7ed273c06-c08-0,0,0,0.000,42.990
f850756002397011ec095370e5a7ed273c06-g017-0,902,1242,0.000,45.720
cda22ac002396011ec08bb20f3128d160513-g016-0,1225,1390,0.050,65.330
ef0171100238c011ec08bb20f3128d160513-g019-0,2162,32476,6.600,67.550
d86a9a6002353011ec08b01045e6de32e845-c013-0,0,0,0.000,42.530
b91859100234b011ec095370e5a7ed273c06-c09-0,0,322,0.000,49.090
f850756002397011ec095370e5a7ed273c06-g01-0,902,1242,0.000,46.180
b09d936002376011ec08b01045e6de32e845-g01-0,11730,26820,41.380,82.010
d86a9a6002353011ec08b01045e6de32e845-c023-0,0,0,0.000,42.390
b987bd4002393011ec08b01045e6de32e845-g03-0,11098,12498,75.090,110.260
e717e7700236d011ec095370e5a7ed273c06-g04-0,0,13,0.010,49.640
cd0181f00236a011ec095370e5a7ed273c06-gushzh729-0,0,0,0.000,22.400
c3c728a002389011ec08b01045e6de32e845-g010-0,1232,1380,0.000,65.740
dcd0ddb00fa9b011eb09ab60a9de5c5cd03e-g03-0,18808,18850,100.000,84.140
d6c7f2b002394011ec095370e5a7ed273c06-g012-0,855,1242,0.000,46.210
b2f3598002392011ec08b01045e6de32e845-g03-0,625,1896,21.430,50.330
bb6ccdc00238f011ec08bb20f3128d160513-c018-0,17824,20012,79.240,205.870
b2b0080002390011ec08b01045e6de32e845-c016-0,15686,20170,71.190,116.090
e717e7700236d011ec095370e5a7ed273c06-g011-0,1,13,0.000,50.670
b0f8b7200ce48011eb0921c0639a8c710148-server-0,13382,13382,0.000,58.910
e717e7700236d011ec095370e5a7ed273c06-g019-0,0,0,0.000,49.900
c6b08fc002391011ec095370e5a7ed273c06-weidq970-0,408,414,65.530,253.800
cda22ac002396011ec08bb20f3128d160513-g015-0,1221,1380,0.020,66.920
b91859100234b011ec095370e5a7ed273c06-c05-0,0,307,0.000,48.920
c1524b000237c011ec08b01045e6de32e845-g08-0,9082,26840,32.900,79.540
bb6ccdc00238f011ec08bb20f3128d160513-c010-0,17819,20012,77.010,209.080
e50f6cf002349011ec095370e5a7ed273c06-c015-0,0,0,0.000,43.130
c3c728a002389011ec08b01045e6de32e845-g06-0,1199,1380,0.890,67.950
cda22ac002396011ec08bb20f3128d160513-g011-0,1230,1380,0.000,66.190
b74c66a002381011ec08bb20f3128d160513-g03-0,12828,23212,53.970,80.440
c81e9dd002373011ec095370e5a7ed273c06-xuf1384-0,0,0,0.000,51.550
b9664b8002392011ec095370e5a7ed273c06-weidq970-0,411,418,65.270,229.160
fec359100234a011ec095370e5a7ed273c06-c019-0,0,0,0.060,50.020
f850756002397011ec095370e5a7ed273c06-g012-0,899,1242,0.000,47.510
d86a9a6002353011ec08b01045e6de32e845-c022-0,0,0,0.000,41.360
d86a9a6002353011ec08b01045e6de32e845-c018-0,0,0,0.000,41.390
b2f3598002392011ec08b01045e6de32e845-g018-0,444,1726,24.140,49.650
d74e73500238b011ec08bb20f3128d160513-weidq970-0,416,436,62.580,227.470
b09d936002376011ec08b01045e6de32e845-g05-0,12022,26842,45.610,75.750
c1524b000237c011ec08b01045e6de32e845-g07-0,9062,26832,32.260,80.800
c1524b000237c011ec08b01045e6de32e845-g010-0,9049,26832,32.820,80.220
b646bc1002392011ec08bb20f3128d160513-weidq970-0,412,418,65.270,210.460
e50f6cf002349011ec095370e5a7ed273c06-c018-0,0,0,0.000,42.460
c4c9f2c002360011ec08b01045e6de32e845-xiel841-0,0,0,0.000,22.080
cda22ac002396011ec08bb20f3128d160513-g04-0,1231,1390,0.000,64.750
d86a9a6002353011ec08b01045e6de32e845-c014-0,0,0,0.000,42.090
b74c66a002381011ec08bb20f3128d160513-g013-0,12634,23348,54.550,79.120
e717e7700236d011ec095370e5a7ed273c06-g00-0,605,1248,0.320,60.650
e50f6cf002349011ec095370e5a7ed273c06-c021-0,0,0,0.000,43.960
b2b0080002390011ec08b01045e6de32e845-c01-0,15008,20012,69.610,116.480
ca4efa7002390011ec08b01045e6de32e845-g01-0,4,11,0.340,44.270
e50f6cf002349011ec095370e5a7ed273c06-c06-0,0,0,0.000,44.130
d6c7f2b002394011ec095370e5a7ed273c06-g017-0,793,1242,0.070,46.160
f850756002397011ec095370e5a7ed273c06-g03-0,902,1242,0.120,46.690
cda22ac002396011ec08bb20f3128d160513-g07-0,1230,1380,0.000,67.570
e50f6cf002349011ec095370e5a7ed273c06-c011-0,0,0,0.000,43.720
b2b0080002390011ec08b01045e6de32e845-c015-0,15760,21944,63.720,112.560
c1524b000237c011ec08b01045e6de32e845-g016-0,8873,26444,32.290,81.470
e4de720002396011ec08b01045e6de32e845-g021-0,348,1242,0.000,45.800
ef0171100238c011ec08bb20f3128d160513-g08-0,3315,32474,4.230,67.990
ef0171100238c011ec08bb20f3128d160513-g01-0,2558,32466,3.570,65.830
ef0171100238c011ec08bb20f3128d160513-g09-0,3112,32444,4.030,67.760
b2b0080002390011ec08b01045e6de32e845-c09-0,15532,20012,70.270,117.340
b74c66a002381011ec08bb20f3128d160513-g02-0,12778,23262,54.220,80.200
fec359100234a011ec095370e5a7ed273c06-caoshm646-0,0,0,0.000,48.900
e4de720002396011ec08b01045e6de32e845-g022-0,345,1242,0.280,44.170
d86a9a6002353011ec08b01045e6de32e845-c010-0,0,0,0.030,41.760
fec359100234a011ec095370e5a7ed273c06-c05-0,5,13,0.060,49.800
b987bd4002393011ec08b01045e6de32e845-g011-0,11133,12498,77.580,106.690
f850756002397011ec095370e5a7ed273c06-g013-0,896,1242,0.090,46.390
f5bcb6900238e011ec08bb20f3128d160513-weidq970-0,416,418,60.330,189.440
b91859100234b011ec095370e5a7ed273c06-c019-0,0,0,0.000,49.820
bb6ccdc00238f011ec08bb20f3128d160513-c023-0,17534,20016,73.190,206.520
f17c68e00cd18011eb0891304939b5259323-zhangmf111-0,17140,17140,0.000,46.960
b987bd4002393011ec08b01045e6de32e845-g020-0,11082,12578,77.630,103.170
b2f3598002392011ec08b01045e6de32e845-g012-0,387,1746,20.170,49.060
cda22ac002396011ec08bb20f3128d160513-g010-0,1218,1380,0.030,67.700
e50f6cf002349011ec095370e5a7ed273c06-c022-0,0,0,0.000,43.310
c3c728a002389011ec08b01045e6de32e845-g016-0,1224,1390,0.080,65.640
e50f6cf002349011ec095370e5a7ed273c06-c02-0,0,0,0.000,43.490
cda22ac002396011ec08bb20f3128d160513-g018-0,1230,1380,0.000,68.170
b91859100234b011ec095370e5a7ed273c06-caoshm646-0,0,0,0.000,49.790
c1524b000237c011ec08b01045e6de32e845-g06-0,9097,26830,32.230,75.010
f850756002397011ec095370e5a7ed273c06-g08-0,902,1242,0.000,45.750
fec359100234a011ec095370e5a7ed273c06-c09-0,0,0,0.000,48.910
bcc9e90000226011ec08bb20f3128d160513-zhengxw1538-0,6536,6536,54.000,138.320
bb6ccdc00238f011ec08bb20f3128d160513-c021-0,17296,20016,78.830,219.090
d6c7f2b002394011ec095370e5a7ed273c06-g013-0,807,1242,0.000,46.390
b0f8b7200ce48011eb0921c0639a8c710148-c02-0,13382,13382,0.000,62.340
c3c728a002389011ec08b01045e6de32e845-g08-0,1217,1390,0.000,67.890
b987bd4002393011ec08b01045e6de32e845-g04-0,11144,12578,78.240,103.890
d98941400fe4d011eb0b78b029bb3a17e6fc-g03-0,28016,28058,98.750,298.200
fcbb510002393011ec095370e5a7ed273c06-weidq970-0,415,418,70.960,220.750
e4de720002396011ec08b01045e6de32e845-g014-0,347,1242,0.000,45.060
b987bd4002393011ec08b01045e6de32e845-g015-0,11114,12498,76.000,108.570
f850756002397011ec095370e5a7ed273c06-g05-0,907,1242,0.150,46.870
b2f3598002392011ec08b01045e6de32e845-g04-0,606,1976,20.690,50.380
b2b0080002390011ec08b01045e6de32e845-c07-0,14999,20012,66.190,111.240
bd55757002391011ec08b01045e6de32e845-g01-0,0,0,0.000,41.720
e8d5b2e00238e011ec08bb20f3128d160513-caoshm201-0,14958,20020,62.760,165.440
f850756002397011ec095370e5a7ed273c06-g018-0,901,1242,0.000,46.720
d86a9a6002353011ec08b01045e6de32e845-c03-0,0,0,0.000,41.000
c9ebafe00238b011ec095370e5a7ed273c06-weidq970-0,424,440,67.110,235.950
d6c7f2b002394011ec095370e5a7ed273c06-gushzh944-0,785,1242,0.090,46.380
c1323e1002390011ec08b01045e6de32e845-weidq970-0,416,418,59.660,195.190
da8b214002384011ec08bb20f3128d160513-weidq221-0,0,0,0.000,5.400
b2f3598002392011ec08b01045e6de32e845-g013-0,398,1666,20.820,49.370
d6c7f2b002394011ec095370e5a7ed273c06-g04-0,869,1242,0.000,45.690
c3c728a002389011ec08b01045e6de32e845-g07-0,1222,1380,0.000,67.520
b2f3598002392011ec08b01045e6de32e845-g09-0,397,1666,20.210,47.160
e50f6cf002349011ec095370e5a7ed273c06-c017-0,0,0,0.000,43.710
c7c784f00f075011eb0b78b029bb3a17e6fc-zhupp901-0,4488,5261,51.860,54.870
e4de720002396011ec08b01045e6de32e845-gushzh944-0,459,1242,0.280,45.010
bafda2d002390011ec08b01045e6de32e845-c03-0,17467,20080,71.210,184.660
b09d936002376011ec08b01045e6de32e845-g014-0,11871,26820,39.530,76.510
b987bd4002393011ec08b01045e6de32e845-g023-0,11133,12498,75.940,106.180
b987bd4002393011ec08b01045e6de32e845-g09-0,28392,29747,88.070,175.160
b2f3598002392011ec08b01045e6de32e845-g017-0,438,1666,24.140,49.120
bafda2d002390011ec08b01045e6de32e845-caoshm201-0,17394,20074,72.030,193.390
d8ac60100238d011ec08bb20f3128d160513-weidq970-0,416,418,62.550,200.330
ef0171100238c011ec08bb20f3128d160513-g00-0,3457,32454,1.940,64.750
b74c66a002381011ec08bb20f3128d160513-g012-0,12528,23348,53.150,80.480
b2f3598002392011ec08b01045e6de32e845-g011-0,398,1666,21.430,48.720
f850756002397011ec095370e5a7ed273c06-gushzh944-0,856,1242,0.000,47.650
bb6ccdc00238f011ec08bb20f3128d160513-c019-0,17705,20012,79.730,204.880
b09d936002376011ec08b01045e6de32e845-g06-0,12037,26830,43.910,76.650
ef0171100238c011ec08bb20f3128d160513-g011-0,2950,32474,4.930,67.260
d861ad100238f011ec08bb20f3128d160513-weidq970-0,431,434,62.080,202.710
b987bd4002393011ec08b01045e6de32e845-g02-0,11123,12558,76.670,108.110
b2f3598002392011ec08b01045e6de32e845-g02-0,17697,18975,61.450,158.630
b987bd4002393011ec08b01045e6de32e845-g012-0,11143,12578,75.860,99.990
b2f3598002392011ec08b01045e6de32e845-g020-0,405,1746,21.480,47.460
ef0171100238c011ec08bb20f3128d160513-g015-0,2873,32474,4.480,66.800
f850756002397011ec095370e5a7ed273c06-g020-0,902,1242,0.000,46.160
b91859100234b011ec095370e5a7ed273c06-c08-0,0,0,0.000,49.780
c1524b000237c011ec08b01045e6de32e845-g014-0,8935,26436,32.980,77.550
b2b0080002390011ec08b01045e6de32e845-c012-0,15091,20016,67.980,111.780
eb3fdf0002320011ec08bb20f3128d160513-caoshm234-0,0,0,0.000,7.630
bafda2d002390011ec08b01045e6de32e845-c010-0,17377,20074,71.500,193.890
fec359100234a011ec095370e5a7ed273c06-c02-0,13,27,0.000,48.350
bb6ccdc00238f011ec08bb20f3128d160513-c014-0,17703,20012,77.540,210.070
b2b0080002390011ec08b01045e6de32e845-c011-0,15688,20012,71.330,117.400
e4de720002396011ec08b01045e6de32e845-g03-0,375,1242,0.410,44.050
fec359100234a011ec095370e5a7ed273c06-c017-0,0,0,0.060,49.490
e50f6cf002349011ec095370e5a7ed273c06-c09-0,0,0,0.000,43.320
c3c728a002389011ec08b01045e6de32e845-g05-0,1228,1390,0.050,66.440
c3c728a002389011ec08b01045e6de32e845-g01-0,1223,1370,0.070,64.000
fec359100234a011ec095370e5a7ed273c06-c011-0,0,0,0.000,49.330
b4bf82600cb91011eb0921c0639a8c710148-huangh3746-0,4704,4704,0.000,48.130
ef0171100238c011ec08bb20f3128d160513-g016-0,2539,32474,6.760,67.900
e4de720002396011ec08b01045e6de32e845-g024-0,329,1242,0.240,45.610
cda22ac002396011ec08bb20f3128d160513-g019-0,1228,1380,0.040,65.840
b91859100234b011ec095370e5a7ed273c06-c018-0,0,13,0.000,48.270
b987bd4002393011ec08b01045e6de32e845-g013-0,11074,12498,76.170,98.190
d6c7f2b002394011ec095370e5a7ed273c06-g020-0,807,1242,0.000,46.190
c3c728a002389011ec08b01045e6de32e845-g00-0,1268,1370,0.010,66.260
b91859100234b011ec095370e5a7ed273c06-c06-0,0,13,0.000,50.200
bb6ccdc00238f011ec08bb20f3128d160513-c020-0,17447,20016,77.740,214.380
bb6ccdc00238f011ec08bb20f3128d160513-c03-0,17270,20012,76.950,208.120
b09d936002376011ec08b01045e6de32e845-g016-0,11928,26446,44.100,81.050
b2f3598002392011ec08b01045e6de32e845-g023-0,603,1896,20.690,49.500
b987bd4002393011ec08b01045e6de32e845-g017-0,11135,12498,77.670,96.670
b74c66a002381011ec08bb20f3128d160513-g04-0,12747,23348,53.780,78.230
b2b0080002390011ec08b01045e6de32e845-c017-0,14767,20012,65.360,115.760
b91859100234b011ec095370e5a7ed273c06-c015-0,0,0,0.000,50.200
bafda2d002390011ec08b01045e6de32e845-c05-0,17529,20074,72.640,203.260
f850756002397011ec095370e5a7ed273c06-g02-0,902,1242,0.000,46.420
cdd0aa9002392011ec095370e5a7ed273c06-weidq970-0,427,434,61.580,214.240
c3c728a002389011ec08b01045e6de32e845-g014-0,1227,1380,0.030,65.960
cda22ac002396011ec08bb20f3128d160513-g03-0,1216,1380,0.000,68.110
e50f6cf002349011ec095370e5a7ed273c06-c05-0,0,0,0.000,42.370
c7424c600238d011ec08bb20f3128d160513-weidq334-0,0,0,0.000,11.890
b2265ec00238e011ec08b01045e6de32e845-weidq970-0,416,418,64.130,220.750
d86a9a6002353011ec08b01045e6de32e845-c05-0,0,0,0.000,41.920
f850756002397011ec095370e5a7ed273c06-g07-0,906,1242,0.140,45.790
b2f3598002392011ec08b01045e6de32e845-g015-0,603,1896,20.690,50.820
e4de720002396011ec08b01045e6de32e845-g016-0,311,1242,0.070,43.810
bebfdae002391011ec08bb20f3128d160513-weidq970-0,413,418,59.100,209.590
fec359100234a011ec095370e5a7ed273c06-c06-0,0,0,0.000,48.000
d86a9a6002353011ec08b01045e6de32e845-c04-0,0,0,0.000,42.730
e717e7700236d011ec095370e5a7ed273c06-g016-0,0,0,0.000,50.110
c1db01a00238b011ec095370e5a7ed273c06-weidq692-0,0,0,0.000,4.060
d6c7f2b002394011ec095370e5a7ed273c06-g010-0,811,1242,0.100,45.870
b2b0080002390011ec08b01045e6de32e845-c021-0,15738,20012,73.040,122.510
c03210700cba4011eb0918702bd7ddedd51c-mouch812-0,12624,16574,0.500,47.430
fec359100234a011ec095370e5a7ed273c06-c015-0,6,27,0.000,50.220
b09d936002376011ec08b01045e6de32e845-g08-0,12015,26842,44.650,77.140
dc5b62600ca6b011eb0891304939b5259323-z01-0,3978,3978,50.000,58.660
e4de720002396011ec08b01045e6de32e845-g010-0,347,1242,0.000,44.980
e50f6cf002349011ec095370e5a7ed273c06-c019-0,0,0,0.000,43.390
ef0171100238c011ec08bb20f3128d160513-g05-0,3306,32444,4.090,66.220
fc9c1d80021f0011ec08bb20f3128d160513-caoshm738-0,0,0,0.000,28.990
ef0171100238c011ec08bb20f3128d160513-g018-0,2134,32444,7.310,68.620
bafda2d002390011ec08b01045e6de32e845-c04-0,17443,20074,70.780,202.830
b2b0080002390011ec08b01045e6de32e845-c08-0,14313,20016,61.230,114.540
fec359100234a011ec095370e5a7ed273c06-c018-0,0,0,0.000,49.660
cda22ac002396011ec08bb20f3128d160513-g02-0,1224,1380,0.060,67.160
bb6ccdc00238f011ec08bb20f3128d160513-c01-0,17753,21950,77.940,203.670
b09d936002376011ec08b01045e6de32e845-g07-0,12088,26832,44.090,82.950
d86a9a6002353011ec08b01045e6de32e845-c02-0,0,0,0.000,42.160
bb6ccdc00238f011ec08bb20f3128d160513-c07-0,17251,20012,76.560,210.860
b2f3598002392011ec08b01045e6de32e845-g019-0,423,1666,23.330,49.390
d6c7f2b002394011ec095370e5a7ed273c06-g023-0,807,1242,0.000,45.930
b91859100234b011ec095370e5a7ed273c06-c011-0,0,0,0.000,49.590
c1524b000237c011ec08b01045e6de32e845-g05-0,8880,26834,33.870,79.760
bafda2d002390011ec08b01045e6de32e845-c02-0,17537,20080,73.060,200.480
b09d936002376011ec08b01045e6de32e845-g010-0,12058,26830,43.760,83.460
bafda2d002390011ec08b01045e6de32e845-c013-0,17445,20076,72.240,186.650
b74c66a002381011ec08bb20f3128d160513-g014-0,12592,23110,54.000,80.410
b74c66a002381011ec08bb20f3128d160513-g07-0,12572,23212,53.120,79.680
bb6ccdc00238f011ec08bb20f3128d160513-c05-0,17666,20012,78.170,212.670
b58befd0000cf011ec08bb20f3128d160513-gushzh280-0,21306,21334,93.750,83.830
b2b0080002390011ec08b01045e6de32e845-c020-0,15452,20012,72.310,112.710
e717e7700236d011ec095370e5a7ed273c06-g015-0,0,3,0.010,50.880
cd9be6500fccd011eb09ab60a9de5c5cd03e-gushzh733-0,20292,20320,97.940,155.260
e4de720002396011ec08b01045e6de32e845-g04-0,347,1242,0.040,44.750
b987bd4002393011ec08b01045e6de32e845-g018-0,11141,12558,77.340,106.170
bafda2d002390011ec08b01045e6de32e845-c014-0,17440,20080,68.570,192.040
c1524b000237c011ec08b01045e6de32e845-g00-0,9231,26820,29.550,80.540
e717e7700236d011ec095370e5a7ed273c06-g014-0,0,5,0.030,50.790
f850756002397011ec095370e5a7ed273c06-g09-0,900,1242,0.000,47.380
bb6ccdc00238f011ec08bb20f3128d160513-c013-0,17809,20012,80.110,215.430
c1524b000237c011ec08b01045e6de32e845-g01-0,8905,26820,29.290,79.210
ef0171100238c011ec08bb20f3128d160513-g06-0,2893,32444,2.490,68.320
b91859100234b011ec095370e5a7ed273c06-c017-0,0,0,0.000,49.750
f850756002397011ec095370e5a7ed273c06-g023-0,908,1242,0.100,47.180
c22a2ad00016a011ec0ad430e756c9320ab0-m01-0,22588,22588,93.000,153.070
b2b0080002390011ec08b01045e6de32e845-c024-0,14934,21950,66.580,114.820
ef0171100238c011ec08bb20f3128d160513-g010-0,2982,32444,3.700,67.490
b91859100234b011ec095370e5a7ed273c06-c02-0,0,5,0.000,49.250
bb6ccdc00238f011ec08bb20f3128d160513-c022-0,17735,20016,77.520,226.760
e50f6cf002349011ec095370e5a7ed273c06-caoshm655-0,0,0,0.000,43.940
b74c66a002381011ec08bb20f3128d160513-g017-0,12604,23120,50.710,80.580
e4de720002396011ec08b01045e6de32e845-g09-0,341,1242,0.180,45.270
f850756002397011ec095370e5a7ed273c06-g010-0,902,1242,0.090,47.210
f99c9ab00238d011ec08bb20f3128d160513-gushzh944-0,254,1264,0.000,45.090
bafda2d002390011ec08b01045e6de32e845-c018-0,17486,20060,69.230,194.420
fec359100234a011ec095370e5a7ed273c06-c08-0,4,13,0.000,49.630
c3c728a002389011ec08b01045e6de32e845-g011-0,1232,1380,0.000,67.910
e4de720002396011ec08b01045e6de32e845-g012-0,348,1242,0.000,45.050
b2b0080002390011ec08b01045e6de32e845-c025-0,14553,20012,64.460,110.160
e50f6cf002349011ec095370e5a7ed273c06-c013-0,0,0,0.000,43.950
e717e7700236d011ec095370e5a7ed273c06-g02-0,0,0,0.000,50.480
e717e7700236d011ec095370e5a7ed273c06-g07-0,0,0,0.000,50.370
e50f6cf002349011ec095370e5a7ed273c06-c07-0,0,0,0.000,42.790
cda22ac002396011ec08bb20f3128d160513-g01-0,1229,1370,0.000,65.720
cda22ac002396011ec08bb20f3128d160513-g09-0,1231,1390,0.000,67.250
b09d936002376011ec08b01045e6de32e845-g03-0,12068,26832,44.340,80.080
cda22ac002396011ec08bb20f3128d160513-g08-0,1230,1390,0.000,64.340
fa0ffc9002392011ec095370e5a7ed273c06-weidq970-0,415,420,65.940,224.240
ef0171100238c011ec08bb20f3128d160513-g07-0,3217,32452,3.940,68.620
b2f3598002392011ec08b01045e6de32e845-g01-0,441,1666,24.140,48.350
b09d936002376011ec08b01045e6de32e845-g012-0,11965,26840,43.890,81.180
b2b0080002390011ec08b01045e6de32e845-c05-0,15653,20012,66.360,111.960
b2f3598002392011ec08b01045e6de32e845-g022-0,407,1726,20.220,48.720
e4de720002396011ec08b01045e6de32e845-g06-0,346,1242,0.210,43.880
b987bd4002393011ec08b01045e6de32e845-g01-0,11193,12498,78.020,106.470
b74c66a002381011ec08bb20f3128d160513-g019-0,12609,23348,53.720,77.750
c1524b000237c011ec08b01045e6de32e845-g015-0,8860,26436,31.970,80.830
b74c66a002381011ec08bb20f3128d160513-g05-0,12739,23212,53.660,79.390
b2f3598002392011ec08b01045e6de32e845-g021-0,442,1666,24.150,49.250
d86a9a6002353011ec08b01045e6de32e845-c024-0,0,0,0.000,42.350
bb6ccdc00238f011ec08bb20f3128d160513-c06-0,17050,20012,77.620,192.620
b91859100234b011ec095370e5a7ed273c06-c014-0,0,0,0.000,49.470
e50f6cf002349011ec095370e5a7ed273c06-c010-0,0,0,0.000,43.100
ca4efa7002390011ec08b01045e6de32e845-gushzh944-0,6,11,0.000,45.310
e4de720002396011ec08b01045e6de32e845-g017-0,347,1242,0.000,43.640
e4de720002396011ec08b01045e6de32e845-g013-0,320,1242,0.220,44.190
fec359100234a011ec095370e5a7ed273c06-c016-0,9,13,0.120,49.300
c1524b000237c011ec08b01045e6de32e845-g011-0,8937,27450,29.480,77.980
f97985d00238e011ec08b01045e6de32e845-weidq970-0,418,420,64.860,218.590
d86a9a6002353011ec08b01045e6de32e845-c020-0,0,11,0.000,41.810
b987bd4002393011ec08b01045e6de32e845-g05-0,11131,12498,76.980,100.270
ef0171100238c011ec08bb20f3128d160513-g013-0,2897,32444,3.840,65.940
b987bd4002393011ec08b01045e6de32e845-g024-0,11135,12538,77.080,105.120
b2f3598002392011ec08b01045e6de32e845-g05-0,438,1666,24.140,49.340
e50f6cf002349011ec095370e5a7ed273c06-c03-0,0,0,0.000,43.610
b2f3598002392011ec08b01045e6de32e845-g014-0,416,1726,20.260,47.380
b09d936002376011ec08b01045e6de32e845-g017-0,11899,26446,40.350,78.590
b987bd4002393011ec08b01045e6de32e845-g016-0,11126,12578,78.070,99.860
bbe29d3002393011ec095370e5a7ed273c06-weidq970-0,413,418,70.580,256.010
b90bfa4002390011ec095370e5a7ed273c06-weidq970-0,416,418,61.420,217.480
b91859100234b011ec095370e5a7ed273c06-c01-0,0,27,0.000,49.710
b09d936002376011ec08b01045e6de32e845-g013-0,12042,26842,45.240,75.490
d86a9a6002353011ec08b01045e6de32e845-c021-0,0,0,0.000,42.330
fbea3d800234e011ec095370e5a7ed273c06-zhangch2384-0,0,0,0.000,10.220
d6c7f2b002394011ec095370e5a7ed273c06-g09-0,807,1242,0.000,45.940
bb6ccdc00238f011ec08bb20f3128d160513-c011-0,17848,20728,78.470,212.680
c3c728a002389011ec08b01045e6de32e845-g015-0,1222,1380,0.070,67.200
b74c66a002381011ec08bb20f3128d160513-g06-0,12623,23110,52.850,76.070
cda22ac002396011ec08bb20f3128d160513-g012-0,1231,1390,0.000,66.370
bafda2d002390011ec08b01045e6de32e845-c016-0,17456,20076,71.230,182.650
c3c728a002389011ec08b01045e6de32e845-g02-0,1219,1380,0.060,67.850
e717e7700236d011ec095370e5a7ed273c06-g010-0,0,0,0.000,50.470
d6c7f2b002394011ec095370e5a7ed273c06-g016-0,807,1242,0.000,45.600
d86a9a6002353011ec08b01045e6de32e845-c017-0,0,0,0.000,42.080
b987bd4002393011ec08b01045e6de32e845-g010-0,11136,12558,76.570,101.170
fd3a70100238e011ec08b01045e6de32e845-weidq970-0,430,434,65.230,208.230
e4de720002396011ec08b01045e6de32e845-g07-0,335,1242,0.280,45.860
e50f6cf002349011ec095370e5a7ed273c06-c024-0,0,0,0.000,44.070
e50f6cf002349011ec095370e5a7ed273c06-c012-0,0,0,0.000,42.830
cda22ac002396011ec08bb20f3128d160513-g017-0,1217,1390,0.020,66.870
b987bd4002393011ec08b01045e6de32e845-gushzh944-0,11219,12538,78.910,99.120
b91859100234b011ec095370e5a7ed273c06-c016-0,0,0,0.000,50.080
e717e7700236d011ec095370e5a7ed273c06-g09-0,0,0,0.000,50.090
d6c7f2b002394011ec095370e5a7ed273c06-g024-0,794,1242,0.000,45.350
c3c728a002389011ec08b01045e6de32e845-g019-0,1234,1380,0.000,68.280
b74c66a002381011ec08bb20f3128d160513-g00-0,12935,23212,54.410,81.950
b6c26f2002332011ec08bb20f3128d160513-caoshm174-0,0,0,0.000,13.520
e4de720002396011ec08b01045e6de32e845-g08-0,344,1242,0.190,43.750
fec359100234a011ec095370e5a7ed273c06-c01-0,6,13,0.060,49.700
f850756002397011ec095370e5a7ed273c06-g015-0,902,1242,0.000,47.440
baf145f00cd15011eb0891304939b5259323-q01-0,14362,14362,0.000,48.200
ce6c0e9002369011ec08bb20f3128d160513-drug-0,0,0,0.000,42.260
bb6ccdc00238f011ec08bb20f3128d160513-c08-0,17168,20012,78.230,195.220
f850756002397011ec095370e5a7ed273c06-g014-0,901,1242,0.000,46.160
d6c7f2b002394011ec095370e5a7ed273c06-g07-0,803,1242,0.090,46.220
d6c7f2b002394011ec095370e5a7ed273c06-g015-0,807,1242,0.000,46.710
d86a9a6002353011ec08b01045e6de32e845-c012-0,0,0,0.000,41.900
b09d936002376011ec08b01045e6de32e845-g09-0,11915,26840,43.740,79.990
d6c7f2b002394011ec095370e5a7ed273c06-g014-0,807,1242,0.000,45.350
d88d9f300238e011ec08bb20f3128d160513-caoshm201-0,17167,20012,75.670,169.750
cda22ac002396011ec08bb20f3128d160513-g014-0,1216,1380,0.000,67.100
bafda2d002390011ec08b01045e6de32e845-c015-0,17568,20074,70.470,201.490
b2b0080002390011ec08b01045e6de32e845-c04-0,15382,20062,68.530,119.730
fec359100234a011ec095370e5a7ed273c06-c014-0,0,0,0.000,49.710
bb6ccdc00238f011ec08bb20f3128d160513-c016-0,17758,21944,78.740,202.290
dd8533700234e011ec095370e5a7ed273c06-zhangch262-0,0,0,0.000,22.120
d6c7f2b002394011ec095370e5a7ed273c06-g02-0,794,1242,0.000,46.900
e50f6cf002349011ec095370e5a7ed273c06-c023-0,0,0,0.000,42.610
e0bbc0800238d011ec095370e5a7ed273c06-weidq970-0,431,434,60.160,228.190
f850756002397011ec095370e5a7ed273c06-g024-0,902,1242,0.000,46.280
e4de720002396011ec08b01045e6de32e845-g018-0,348,1242,0.010,44.860
b9601a500fd2e011eb09ab60a9de5c5cd03e-gushzh280-0,20292,20320,92.880,321.190
bb6ccdc00238f011ec08bb20f3128d160513-caoshm201-0,17473,20012,78.860,207.400
d86a9a6002353011ec08b01045e6de32e845-c011-0,0,0,0.000,42.130
bafda2d002390011ec08b01045e6de32e845-c019-0,17438,20080,68.350,188.520
c1524b000237c011ec08b01045e6de32e845-g019-0,8800,26436,29.980,79.270
bb6ccdc00238f011ec08bb20f3128d160513-c015-0,17656,20014,79.310,209.680
b09d936002376011ec08b01045e6de32e845-g04-0,12068,26840,42.590,78.490
c1524b000237c011ec08b01045e6de32e845-g02-0,9067,26832,32.330,80.580
bafda2d002390011ec08b01045e6de32e845-c08-0,17632,20074,69.770,210.850
ef0171100238c011ec08bb20f3128d160513-g04-0,3449,32474,2.230,68.440
f850756002397011ec095370e5a7ed273c06-g016-0,902,1242,0.000,45.940
d86a9a6002353011ec08b01045e6de32e845-c08-0,0,0,0.000,42.770
fff315a00238f011ec095370e5a7ed273c06-weidq970-0,416,418,62.700,199.810
b2b0080002390011ec08b01045e6de32e845-c02-0,14766,20012,64.930,115.820
ccdd4d8002391011ec08b01045e6de32e845-weidq970-0,415,420,60.960,206.740
b09d936002376011ec08b01045e6de32e845-g018-0,11865,26434,43.960,77.290
bf4fdbe00ff39011eb0891304939b5259323-zhengxw1538-0,4017,8034,0.000,47.860
cd9af2000b2eb011eb09d48097e7183a9e51-lijp158-0,10754,10754,0.000,53.490
cda22ac002396011ec08bb20f3128d160513-g05-0,1231,1390,0.500,67.660
c1524b000237c011ec08b01045e6de32e845-g09-0,8867,26782,32.050,79.940
d6c7f2b002394011ec095370e5a7ed273c06-g022-0,870,1242,0.010,46.850
e69dbb200ce0a011eb09ab60a9de5c5cd03e-baseline-0,2964,4704,0.000,45.710
cda22ac002396011ec08bb20f3128d160513-g013-0,1228,1390,0.060,67.370
e1f6da700ff01011eb09ab60a9de5c5cd03e-gushzh280-0,20292,20320,97.190,250.100
bfb286b00238e011ec08bb20f3128d160513-g01-0,0,11,0.000,43.580
e50f6cf002349011ec095370e5a7ed273c06-c014-0,0,0,0.000,43.420
f03623f00238e011ec08bb20f3128d160513-caoshm201-0,16939,20012,78.860,118.790
b2f3598002392011ec08b01045e6de32e845-gushzh944-0,623,1936,20.880,48.580
e4de720002396011ec08b01045e6de32e845-g019-0,347,1242,0.000,44.610
b74c66a002381011ec08bb20f3128d160513-g08-0,12625,23348,52.170,80.840
b09d936002376011ec08b01045e6de32e845-g02-0,12081,26830,43.410,78.670
ef0171100238c011ec08bb20f3128d160513-g012-0,2905,32474,3.380,65.680
b91859100234b011ec095370e5a7ed273c06-c013-0,0,0,0.000,50.240
b74c66a002381011ec08bb20f3128d160513-g09-0,12558,23246,51.570,79.460
b74c66a002381011ec08bb20f3128d160513-g01-0,12379,23212,51.850,78.030
d86a9a6002353011ec08b01045e6de32e845-c01-0,0,0,0.000,41.370
c1524b000237c011ec08b01045e6de32e845-g04-0,8838,26444,31.550,80.610
b2f3598002392011ec08b01045e6de32e845-g010-0,414,1726,20.880,47.030
b74c66a002381011ec08bb20f3128d160513-g011-0,12656,23502,53.800,80.280
c1524b000237c011ec08b01045e6de32e845-g018-0,8807,26474,33.100,81.250
e717e7700236d011ec095370e5a7ed273c06-g012-0,0,0,0.000,50.450
bb6ccdc00238f011ec08bb20f3128d160513-c09-0,17727,20012,79.490,210.580
bafda2d002390011ec08b01045e6de32e845-c017-0,17699,20074,69.680,206.290
b91859100234b011ec095370e5a7ed273c06-c04-0,0,3,0.000,50.490
f850756002397011ec095370e5a7ed273c06-g021-0,902,1242,0.000,46.760
b09d936002376011ec08b01045e6de32e845-g019-0,11827,26434,40.180,78.330
d6c7f2b002394011ec095370e5a7ed273c06-g011-0,807,1242,0.000,46.620
b2f3598002392011ec08b01045e6de32e845-g06-0,443,1726,24.140,48.180
b74c66a002381011ec08bb20f3128d160513-g015-0,12560,23348,54.730,76.680
b91859100234b011ec095370e5a7ed273c06-c07-0,0,27,0.000,48.760
bafda2d002390011ec08b01045e6de32e845-c01-0,17610,20074,71.280,193.380
e4de720002396011ec08b01045e6de32e845-g01-0,348,1242,0.010,44.130
ef0171100238c011ec08bb20f3128d160513-g02-0,3348,32444,4.220,66.820
b987bd4002393011ec08b01045e6de32e845-g06-0,11140,12558,76.300,103.180
d6c7f2b002394011ec095370e5a7ed273c06-g03-0,790,1242,0.090,45.040
d6c7f2b002394011ec095370e5a7ed273c06-g019-0,813,1242,0.050,45.790
e50f6cf002349011ec095370e5a7ed273c06-c01-0,0,0,0.000,44.050
d6c7f2b002394011ec095370e5a7ed273c06-g021-0,848,1242,0.000,46.500
e4de720002396011ec08b01045e6de32e845-g05-0,328,1242,0.260,44.150
d86a9a6002353011ec08b01045e6de32e845-c019-0,0,0,0.000,40.900
b93d8d900225d011ec08b01045e6de32e845-zhangch2690-0,0,0,0.000,10.230
f850756002397011ec095370e5a7ed273c06-g04-0,900,1242,0.000,46.630
c3c728a002389011ec08b01045e6de32e845-g03-0,1221,1380,0.000,65.490
bafda2d002390011ec08b01045e6de32e845-c06-0,17289,20074,68.030,195.310
f850756002397011ec095370e5a7ed273c06-g019-0,902,1242,0.000,46.810
cda22ac002396011ec08bb20f3128d160513-g06-0,1227,1380,0.920,67.370
bb6ccdc00238f011ec08bb20f3128d160513-c024-0,17153,20012,75.520,199.810
fec359100234a011ec095370e5a7ed273c06-c012-0,0,0,0.000,49.350
d86a9a6002353011ec08b01045e6de32e845-c06-0,0,0,0.000,41.180
dd618e900238b011ec08bb20f3128d160513-weidq970-0,400,420,60.290,193.010
cbd07c700009b011ec08bb20f3128d160513-gushzh280-0,21310,21338,100.000,86.010
d6c7f2b002394011ec095370e5a7ed273c06-g05-0,818,1242,0.150,45.410
e717e7700236d011ec095370e5a7ed273c06-g06-0,0,0,0.000,50.570
bafda2d002390011ec08b01045e6de32e845-c012-0,17367,20080,70.680,190.930
b4abf0e002390011ec08bb20f3128d160513-weidq970-0,416,420,61.780,232.830
c3c728a002389011ec08b01045e6de32e845-g018-0,1214,1380,0.010,66.780
b91859100234b011ec095370e5a7ed273c06-c010-0,0,0,0.000,50.730
d86a9a6002353011ec08b01045e6de32e845-c015-0,0,0,0.000,40.940
b74c66a002381011ec08bb20f3128d160513-g016-0,12669,23408,53.980,81.570
d5c81a200238d011ec08b01045e6de32e845-weidq970-0,418,420,63.350,202.630
b91859100234b011ec095370e5a7ed273c06-c03-0,0,0,0.000,50.030
bb6ccdc00238f011ec08bb20f3128d160513-c017-0,17184,20016,77.540,216.140
d6c7f2b002394011ec095370e5a7ed273c06-g08-0,869,1242,0.000,46.200
f850756002397011ec095370e5a7ed273c06-g022-0,908,1242,0.100,47.020
e50f6cf002349011ec095370e5a7ed273c06-c020-0,0,0,0.000,43.130
bafda2d002390011ec08b01045e6de32e845-c011-0,17715,20080,70.150,185.060
e717e7700236d011ec095370e5a7ed273c06-g01-0,0,0,0.010,50.280
b2b0080002390011ec08b01045e6de32e845-c010-0,15172,20012,68.710,111.720
bfb286b00238e011ec08bb20f3128d160513-gushzh944-0,295,1250,0.010,45.100
e717e7700236d011ec095370e5a7ed273c06-g017-0,0,0,0.000,51.370
bd55757002391011ec08b01045e6de32e845-gushzh944-0,0,0,0.000,43.230
b2b0080002390011ec08b01045e6de32e845-c014-0,14874,20012,68.610,111.290
fec359100234a011ec095370e5a7ed273c06-c010-0,0,0,0.000,48.740
